"","ID","Description","GeneRatio","BgRatio","RichFactor","FoldEnrichment","zScore","pvalue","p.adjust","qvalue","geneID","Count"
"GO:0003012","GO:0003012","muscle system process","46/632","459/18888",0.100217864923747,2.99511872259452,8.05121487850589,3.37375971419267e-11,1.5111069759869e-07,1.26746825473196e-07,"8735/3479/3784/779/23676/4625/1113/59/5608/4621/5024/4633/5144/7134/3553/6535/4626/4607/2626/7111/2627/481/58/80005/4851/1813/5578/3760/60675/134/221476/126306/4632/5028/442721/8557/3952/1674/10008/29895/23336/246329/55959/4635/6262/4622",46
"GO:0006936","GO:0006936","muscle contraction","38/632","355/18888",0.107042253521127,3.1990729185238,7.78248262368071,2.76666103643454e-10,6.19593739109514e-07,5.19695433633414e-07,"8735/3784/779/23676/4625/1113/59/5608/4621/5024/4633/5144/7134/6535/4626/4607/2626/7111/481/58/80005/1813/3760/60675/134/126306/4632/442721/8557/1674/10008/29895/23336/246329/55959/4635/6262/4622",38
"GO:0033275","GO:0033275","actin-myosin filament sliding","8/632","16/18888",0.5,14.9430379746835,10.3811544705416,1.52642738055668e-08,2.27895607917113e-05,1.91151555130063e-05,"4625/4621/7134/4626/4607/4632/29895/4622",8
"GO:0007586","GO:0007586","digestion","20/632","136/18888",0.147058823529412,4.39501116902457,7.39305743515076,2.70244337475165e-08,3.02606096887816e-05,2.53816326433911e-05,"170302/3784/6476/5225/340547/57817/64081/10891/1610/3274/7429/10753/9245/362/2168/1056/56667/3952/339221/5222",20
"GO:0051146","GO:0051146","striated muscle cell differentiation","31/632","313/18888",0.0990415335463259,2.95996279370728,6.50568154271288,7.54767095725789e-08,6.6554866761579e-05,5.58240959500066e-05,"3479/7504/88/779/4606/6910/4625/4621/55553/4633/9096/650/4607/2626/7111/84665/2627/58/80005/4851/8038/4868/221476/6469/26585/124872/1000/442721/8557/246329/4892",31
"GO:0060537","GO:0060537","muscle tissue development","38/632","438/18888",0.0867579908675799,2.59285590428299,6.27556128982114,8.91558831367435e-08,6.6554866761579e-05,5.58240959500066e-05,"3479/7504/88/54715/7161/779/6910/4625/10891/55553/4633/9096/7134/6943/650/4607/2626/64220/2627/58/84466/4851/4868/129446/3549/221476/6469/26585/124872/23414/8557/6664/9242/29895/246329/5727/4892/6262",38
"GO:0006941","GO:0006941","striated muscle contraction","23/632","191/18888",0.120418848167539,3.59884684207038,6.71658664107071,1.13736404856305e-07,7.11413600979822e-05,5.96711000316561e-05,"3784/779/23676/4625/1113/5608/4621/4633/5144/7134/4626/4607/2626/481/3760/134/126306/8557/10008/23336/246329/4635/6262",23
"GO:0030049","GO:0030049","muscle filament sliding","7/632","14/18888",0.5,14.9430379746835,9.71016631294058,1.27066506091506e-07,7.11413600979822e-05,5.96711000316561e-05,"4625/4621/7134/4626/4607/4632/4622",7
"GO:0070252","GO:0070252","actin-mediated cell contraction","17/632","113/18888",0.150442477876106,4.49613531981629,6.93545085365843,2.12462021536295e-07,0.00010573526605123,8.86873631418758e-05,"3784/4625/59/4621/5144/7134/7429/4626/4607/2626/3760/134/4632/10008/29895/6262/4622",17
"GO:1903522","GO:1903522","regulation of blood circulation","26/632","262/18888",0.099236641221374,2.96579379650208,5.96164377749405,8.16385216212446e-07,0.000338962997998689,0.000284311333558318,"846/3784/6910/4625/1113/4633/9096/5144/3274/2626/481/185/80005/1813/3760/134/79987/2266/2243/2244/3952/1674/10008/4635/6262/177",26
"GO:0030048","GO:0030048","actin filament-based movement","18/632","138/18888",0.130434782608696,3.89818381948266,6.35772956136286,8.32461035495775e-07,0.000338962997998689,0.000284311333558318,"3784/4625/59/4621/5144/7134/7429/4626/4607/2626/3760/134/4640/4632/10008/29895/6262/4622",18
"GO:0006805","GO:0006805","xenobiotic metabolic process","17/632","126/18888",0.134920634920635,4.03224834237492,6.35400701289811,1.03622254952939e-06,0.000386770066611846,0.000324410375374597,"30/54498/3172/1577/1562/13/10257/1559/54578/7364/27284/6580/8529/54600/54658/54575/2938",17
"GO:0055001","GO:0055001","muscle cell development","22/632","204/18888",0.107843137254902,3.22300819061802,5.93961688277613,1.43604815578863e-06,0.000494773822290561,0.00041500047514248,"3479/7504/88/779/4606/6910/4625/4621/4633/9096/4607/2626/7111/84665/58/84466/4851/221476/442721/8557/246329/4892",22
"GO:0006869","GO:0006869","lipid transport","36/632","456/18888",0.0789473684210526,2.35942704863424,5.46750656386574,1.85346685891695e-06,0.000592977004363501,0.000497370166877788,"6521/57476/3784/23200/57605/56729/5608/23130/335/23120/9429/10396/10257/3553/10948/64220/84647/4547/1382/185/6770/7436/1813/2168/200931/6469/3990/1381/2167/1056/3952/6580/339221/5727/8529/51703",36
"GO:0051953","GO:0051953","negative regulation of amine transport","8/632","28/18888",0.285714285714286,8.53887884267631,7.4276623139516,2.58181059506476e-06,0.000770928643686336,0.00064663031675692,"1113/6622/8501/1813/134/4889/5028/3952",8
"GO:0042692","GO:0042692","muscle cell differentiation","34/632","428/18888",0.0794392523364486,2.37412752868804,5.35020338870133,3.1262657685153e-06,0.000875159023573752,0.000734055429462573,"3479/7504/88/779/4606/6910/4625/4621/55553/4633/9096/1491/650/4607/2626/7111/84665/2627/58/84466/80005/4851/8038/4868/51725/221476/6469/26585/124872/1000/442721/8557/246329/4892",34
"GO:0003208","GO:0003208","cardiac ventricle morphogenesis","12/632","71/18888",0.169014084507042,5.05116776609021,6.36313923179972,3.7342273108917e-06,0.000888865442413409,0.000745551935693695,"6910/4625/2625/4633/7134/4607/2626/6423/4851/4889/23414/6262",12
"GO:0015711","GO:0015711","organic anion transport","35/632","451/18888",0.0776053215077605,2.31931853265598,5.27630657553326,3.77936575274508e-06,0.000888865442413409,0.000745551935693695,"6521/92745/846/7504/8671/1811/5608/9368/116369/9429/10257/3553/6535/84647/4547/25800/284111/1382/6622/159963/8501/1813/134/2168/200931/4889/84889/1381/2167/3952/6580/8529/153201/51703/116085",35
"GO:0046942","GO:0046942","carboxylic acid transport","30/632","358/18888",0.0837988826815642,2.50441977229333,5.3469983743428,4.1287418527627e-06,0.000888865442413409,0.000745551935693695,"92745/846/7504/1811/5608/9368/116369/9429/10257/3553/6535/84647/284111/1382/6622/159963/8501/1813/134/2168/200931/4889/84889/1381/2167/3952/6580/8529/153201/51703",30
"GO:0048546","GO:0048546","digestive tract morphogenesis","10/632","49/18888",0.204081632653061,6.09919917334022,6.6497957865608,4.14157409190444e-06,0.000888865442413409,0.000745551935693695,"8626/6943/2626/64220/6423/4851/3549/6469/6664/6928",10
"GO:0007517","GO:0007517","muscle organ development","30/632","359/18888",0.0835654596100279,2.49744367264906,5.32977584803454,4.36593876604041e-06,0.000888865442413409,0.000745551935693695,"3479/7504/54715/779/4625/4621/55553/4633/7134/3399/6943/650/4607/64220/58/84466/4851/4868/129446/6469/124872/23414/8557/1674/6664/9242/29895/246329/6262/8110",30
"GO:0015849","GO:0015849","organic acid transport","30/632","359/18888",0.0835654596100279,2.49744367264906,5.32977584803454,4.36593876604041e-06,0.000888865442413409,0.000745551935693695,"92745/846/7504/1811/5608/9368/116369/9429/10257/3553/6535/84647/284111/1382/6622/159963/8501/1813/134/2168/200931/4889/84889/1381/2167/3952/6580/8529/153201/51703",30
"GO:0015669","GO:0015669","gas transport","7/632","22/18888",0.318181818181818,9.50920598388953,7.43015165198204,4.99666187730115e-06,0.000973045589062253,0.000816159553322096,"3049/760/362/3040/3039/3045/3043",7
"GO:0015670","GO:0015670","carbon dioxide transport","6/632","15/18888",0.4,11.9544303797468,7.89681883787583,5.29880611518e-06,0.000974989810193558,0.000817790303893211,"760/362/3040/3039/3045/3043",6
"GO:0070372","GO:0070372","regulation of ERK1 and ERK2 cascade","27/632","308/18888",0.0876623376623377,2.61988328127569,5.3330228231996,5.44200608502767e-06,0.000974989810193558,0.000817790303893211,"3479/846/59/9368/2185/3553/650/57053/78986/2064/91662/1969/4851/1813/154043/5578/4889/5028/2358/2266/2243/2244/6363/1139/6357/284340/177",27
"GO:0042744","GO:0042744","hydrogen peroxide catabolic process","8/632","31/18888",0.258064516129032,7.71253572886893,6.95934509453922,5.99619238296354e-06,0.00103295944935745,0.000866413385214448,"3049/50506/6622/3040/3039/3045/3043/3240",8
"GO:0003018","GO:0003018","vascular process in circulatory system","25/632","275/18888",0.0909090909090909,2.71691599539701,5.33635140552386,6.40310439111843e-06,0.0010622038728822,0.000890942673368487,"92745/846/8671/6528/59/9368/3274/9429/10396/10257/480/185/80005/134/79987/84889/5028/2266/2243/2244/3952/6580/3579/177/3043",25
"GO:0007596","GO:0007596","blood coagulation","22/632","226/18888",0.0973451327433628,2.90926403046936,5.37252362033142,7.73729675710091e-06,0.00123769114910911,0.00103813579421403,"6521/1608/2160/1511/3172/725/3170/170692/5578/80274/5196/6469/79987/2815/5028/2266/2243/2244/6288/8529/2153/3043",22
"GO:0030239","GO:0030239","myofibril assembly","12/632","77/18888",0.155844155844156,4.65757027782344,5.98369317540619,8.92755982244485e-06,0.00137884622223208,0.0011565321599385,"88/4606/4625/4621/4633/4607/7111/84665/58/442721/8557/4892",12
"GO:0015718","GO:0015718","monocarboxylic acid transport","19/632","179/18888",0.106145251396648,3.17226504490489,5.43314452323465,9.33059443722704e-06,0.00138203402122919,0.00115920598389372,"846/5608/9368/9429/10257/3553/6535/84647/1382/159963/1813/2168/200931/1381/2167/3952/6580/8529/51703",19
"GO:0032528","GO:0032528","microvillus organization","7/632","24/18888",0.291666666666667,8.71677215189873,7.03820026435068,9.56531695871956e-06,0.00138203402122919,0.00115920598389372,"10083/54825/5909/53841/9368/7429/4640",7
"GO:0050817","GO:0050817","coagulation","22/632","231/18888",0.0952380952380952,2.84629294755877,5.25318760329675,1.09685889072793e-05,0.00153525967861575,0.00128772677006842,"6521/1608/2160/1511/3172/725/3170/170692/5578/80274/5196/6469/79987/2815/5028/2266/2243/2244/6288/8529/2153/3043",22
"GO:0055002","GO:0055002","striated muscle cell development","12/632","79/18888",0.151898734177215,4.53965710623298,5.86582498769342,1.17053743358257e-05,0.00158873853485343,0.00133258312614233,"88/4606/4625/4621/4633/4607/7111/84665/58/442721/8557/4892",12
"GO:0007599","GO:0007599","hemostasis","22/632","233/18888",0.0944206008583691,2.82186124843809,5.20634385596467,1.25715644495982e-05,0.00161679362673367,0.00135611484090962,"6521/1608/2160/1511/3172/725/3170/170692/5578/80274/5196/6469/79987/2815/5028/2266/2243/2244/6288/8529/2153/3043",22
"GO:0009612","GO:0009612","response to mechanical stimulus","21/632","216/18888",0.0972222222222222,2.90559071729958,5.24080861769812,1.26340203026743e-05,0.00161679362673367,0.00135611484090962,"3784/56729/6387/5024/2185/3553/57053/2626/834/838/64220/58/1813/3549/114780/5028/1000/8557/26047/5727/6262",21
"GO:0002526","GO:0002526","acute inflammatory response","14/632","109/18888",0.128440366972477,3.83857856230403,5.52987293585017,1.63567982218265e-05,0.00203505831209892,0.00170694189630698,"84699/7036/8876/3553/3570/2215/134/4889/6288/3579/5005/5004/54658/3240",14
"GO:0009410","GO:0009410","response to xenobiotic stimulus","33/632","444/18888",0.0743243243243243,2.22126240164215,4.8451823996583,1.74070147559488e-05,0.00210718970518634,0.00176744340438069,"5009/3784/30/7161/54498/3172/1577/1562/5608/13/2185/10257/3553/2016/2626/1559/2627/6622/6423/1813/54578/7364/27284/6580/5727/8529/116085/54600/54658/54575/2938/389903/102723547",33
"GO:0070371","GO:0070371","ERK1 and ERK2 cascade","27/632","332/18888",0.0813253012048193,2.43049412841238,4.89271766254897,2.12241524879887e-05,0.00243423343354729,0.00204175723536275,"3479/846/59/9368/2185/3553/650/57053/78986/2064/91662/1969/4851/1813/154043/5578/4889/5028/2358/2266/2243/2244/6363/1139/6357/284340/177",27
"GO:0016540","GO:0016540","protein autoprocessing","7/632","27/18888",0.259259259259259,7.74824191279887,6.52871007795854,2.24874311803955e-05,0.00243423343354729,0.00204175723536275,"745/834/3549/6469/148738/7113/1510",7
"GO:0019755","GO:0019755","one-carbon compound transport","7/632","27/18888",0.259259259259259,7.74824191279887,6.52871007795854,2.24874311803955e-05,0.00243423343354729,0.00204175723536275,"760/362/3040/3039/3045/3043/100509620",7
"GO:0003206","GO:0003206","cardiac chamber morphogenesis","15/632","127/18888",0.118110236220472,3.52985149008273,5.32238286230872,2.28260335362773e-05,0.00243423343354729,0.00204175723536275,"6910/4625/2625/4633/7134/650/4607/2626/2627/6423/4851/4889/23414/6664/6262",15
"GO:0003231","GO:0003231","cardiac ventricle development","15/632","127/18888",0.118110236220472,3.52985149008273,5.32238286230872,2.28260335362773e-05,0.00243423343354729,0.00204175723536275,"6910/4625/2625/4633/7134/4607/2626/64220/6423/4851/129446/4889/23414/6664/6262",15
"GO:0032536","GO:0032536","regulation of cell projection size","5/632","12/18888",0.416666666666667,12.4525316455696,7.38370530392492,2.68917146685687e-05,0.00267273156960997,0.00224180185237259,"10083/7504/54825/53841/7429",5
"GO:0032612","GO:0032612","interleukin-1 production","15/632","129/18888",0.116279069767442,3.47512511039152,5.2483692868747,2.75123533223739e-05,0.00267273156960997,0.00224180185237259,"3479/4210/7850/335/834/91662/7855/6363/6288/177/114769/3495/5005/5004/11027",15
"GO:0032652","GO:0032652","regulation of interleukin-1 production","15/632","129/18888",0.116279069767442,3.47512511039152,5.2483692868747,2.75123533223739e-05,0.00267273156960997,0.00224180185237259,"3479/4210/7850/335/834/91662/7855/6363/6288/177/114769/3495/5005/5004/11027",15
"GO:0055123","GO:0055123","digestive system development","16/632","145/18888",0.110344827586207,3.2977738978612,5.16783877213884,2.8921292194845e-05,0.00267273156960997,0.00224180185237259,"5009/3784/8626/79971/6943/5697/2626/64220/2627/6423/4851/7855/3549/6469/6664/6928",16
"GO:0060048","GO:0060048","cardiac muscle contraction","16/632","145/18888",0.110344827586207,3.2977738978612,5.16783877213884,2.8921292194845e-05,0.00267273156960997,0.00224180185237259,"3784/4625/1113/5608/4633/5144/7134/4607/2626/481/3760/134/8557/10008/4635/6262",16
"GO:0032732","GO:0032732","positive regulation of interleukin-1 production","11/632","73/18888",0.150684931506849,4.50338130743888,5.57999671064767,2.9154928732417e-05,0.00267273156960997,0.00224180185237259,"4210/834/91662/7855/6363/6288/177/3495/5005/5004/11027",11
"GO:0071466","GO:0071466","cellular response to xenobiotic stimulus","19/632","194/18888",0.0979381443298969,2.92698681978337,5.01956064611937,2.9239528223016e-05,0.00267273156960997,0.00224180185237259,"3784/30/54498/3172/1577/1562/13/10257/3553/1559/54578/7364/27284/6580/8529/54600/54658/54575/2938",19
"GO:0014706","GO:0014706","striated muscle tissue development","23/632","265/18888",0.0867924528301887,2.59388583711488,4.8617491026108,3.12047117094829e-05,0.00278177102457451,0.00233326066361299,"3479/88/7161/6910/4625/55553/4633/9096/7134/650/4607/2626/2627/4851/129446/221476/6469/26585/23414/8557/9242/4892/6262",23
"GO:0055008","GO:0055008","cardiac muscle tissue morphogenesis","10/632","61/18888",0.163934426229508,4.899356713011,5.67550536068417,3.16745528585175e-05,0.00278177102457451,0.00233326066361299,"4625/4633/7134/650/4607/4851/129446/23414/8557/6262",10
"GO:0048738","GO:0048738","cardiac muscle tissue development","22/632","248/18888",0.0887096774193548,2.65118415679869,4.87007461401528,3.31159669478582e-05,0.00280787606634286,0.00235515673864647,"3479/88/7161/6910/4625/55553/4633/9096/7134/650/4607/2626/2627/4851/129446/221476/26585/23414/8557/9242/4892/6262",22
"GO:0060415","GO:0060415","muscle tissue morphogenesis","11/632","74/18888",0.148648648648649,4.4425248032843,5.52064198315171,3.32255931047491e-05,0.00280787606634286,0.00235515673864647,"4625/4633/7134/650/4607/4851/129446/23414/8557/29895/6262",11
"GO:0050892","GO:0050892","intestinal absorption","8/632","39/18888",0.205128205128205,6.13047711781889,5.96737206682183,3.69236074743592e-05,0.00306260810884546,0.00256881783773856,"3784/57817/7429/9245/2168/1056/3952/339221",8
"GO:0048565","GO:0048565","digestive tract development","15/632","133/18888",0.112781954887218,3.37061006947749,5.10463421131986,3.94938040143329e-05,0.00321623178509449,0.00269767246941922,"5009/3784/8626/6943/5697/2626/64220/2627/6423/4851/7855/3549/6469/6664/6928",15
"GO:0032530","GO:0032530","regulation of microvillus organization","5/632","13/18888",0.384615384615385,11.4946445959104,7.04260202782447,4.24964893635904e-05,0.00339896028320574,0.00285093929583937,"10083/54825/5909/53841/7429",5
"GO:0022600","GO:0022600","digestive system process","13/632","104/18888",0.125,3.73575949367089,5.20520406913112,4.3598433002896e-05,0.0034259189722802,0.00287355138296096,"3784/340547/57817/64081/3274/7429/9245/362/2168/1056/56667/3952/339221",13
"GO:0001503","GO:0001503","ossification","32/632","446/18888",0.0717488789237668,2.14429244479764,4.55027523428135,4.62092121753816e-05,0.0035684665747161,0.0029931157577847,"3479/3381/846/25884/8626/55512/1749/5608/4256/656/3399/23314/2185/650/55363/1969/1893/6423/4851/3570/5745/3549/6469/26585/121340/3952/6664/5727/51547/1305/64093/387733",32
"GO:0003205","GO:0003205","cardiac chamber development","17/632","168/18888",0.101190476190476,3.02418625678119,4.90331062067358,5.03092626727566e-05,0.00381924046629282,0.00320345688633485,"6910/4625/2625/4633/7134/650/4607/2626/64220/2627/6423/4851/129446/4889/23414/6664/6262",17
"GO:0015850","GO:0015850","organic hydroxy compound transport","25/632","311/18888",0.0803858520900322,2.40241768081729,4.63988266569191,5.14165525340744e-05,0.00383824564666865,0.0032193978244581,"57476/3784/1113/6387/335/10257/10948/64220/4547/185/6622/6770/159963/90019/1813/200931/6469/3990/5028/1056/3952/6580/339221/5727/100509620",25
"GO:0042886","GO:0042886","amide transport","25/632","312/18888",0.0801282051282051,2.394717624148,4.6219442256096,5.41753691306141e-05,0.00397789308747575,0.00333652963636172,"92745/846/80024/1113/3172/55512/760/7036/9368/9429/10257/3553/3170/6927/4547/6279/1813/134/2266/2243/2244/3952/729025/100509620/6928",25
"GO:0001649","GO:0001649","osteoblast differentiation","22/632","257/18888",0.0856031128404669,2.55834113185244,4.68002559656063,5.67352373775648e-05,0.00409866335829214,0.00343782788116348,"3479/3381/8626/1749/5608/3399/23314/650/55363/1969/6423/4851/3570/5745/3549/6469/26585/121340/6664/5727/51547/64093",22
"GO:0034116","GO:0034116","positive regulation of heterotypic cell-cell adhesion","5/632","14/18888",0.357142857142857,10.6735985533454,6.73685684340518,6.42879658742709e-05,0.00457056824048983,0.00383364661997114,"3553/2266/2243/2244/177",5
"GO:0043410","GO:0043410","positive regulation of MAPK cascade","33/632","475/18888",0.0694736842105263,2.07629580279813,4.42031674628168,6.61401859640118e-05,0.00458506718903258,0.00384580787479754,"3479/846/7161/59/5608/2185/203447/222643/55715/3553/650/57161/2064/4851/1813/5578/153769/134/4889/5028/1000/2358/23566/2266/2243/2244/6363/3952/1139/6357/284340/4217/177",33
"GO:0048562","GO:0048562","embryonic organ morphogenesis","24/632","297/18888",0.0808080808080808,2.4150364403529,4.57332103789842,6.65392648553511e-05,0.00458506718903258,0.00384580787479754,"1750/10083/3784/1749/2625/3216/9368/9096/6943/23314/57053/2626/64220/1969/4851/7545/7855/3549/6469/8557/6664/8076/6262/6928",24
"GO:0048644","GO:0048644","muscle organ morphogenesis","11/632","81/18888",0.135802469135802,4.05860290670417,5.13266665803049,7.80089348913169e-05,0.00529396999057891,0.00444041289676411,"4625/4633/7134/650/4607/4851/129446/23414/8557/29895/6262",11
"GO:0042743","GO:0042743","hydrogen peroxide metabolic process","9/632","55/18888",0.163636363636364,4.89044879171461,5.37599072245577,7.97441723055136e-05,0.00533095742919993,0.00447143677860767,"3049/405753/50506/6622/3040/3039/3045/3043/3240",9
"GO:0062013","GO:0062013","positive regulation of small molecule metabolic process","15/632","142/18888",0.105633802816901,3.15697985380638,4.80035295003405,8.44115914480826e-05,0.00555999291317591,0.00466354442535924,"3479/8671/10891/335/51744/3553/9104/6622/6770/5745/2168/58526/2819/5028/51547",15
"GO:0050673","GO:0050673","epithelial cell proliferation","33/632","482/18888",0.0684647302904564,2.04614212931351,4.32884183436072,8.75025380111661e-05,0.005680056054377,0.00476424955243099,"170302/1750/3479/4804/8626/5909/79152/1749/2625/6387/7060/6195/335/9104/2064/1969/1893/185/6423/4851/1813/5578/60675/3549/6469/3952/6664/80139/5727/55959/664616/283/6928",33
"GO:0003014","GO:0003014","renal system process","14/632","127/18888",0.110236220472441,3.29452805741055,4.82730186246982,9.10301116449828e-05,0.00582462671511254,0.00488551080392397,"6521/3784/9368/9429/6927/185/1813/134/81693/8529/1187/55959/116085/3043",14
"GO:0015671","GO:0015671","oxygen transport","5/632","15/18888",0.333333333333333,9.9620253164557,6.46053586458989,9.37825457538161e-05,0.00591622566804707,0.00496234107924937,"3049/3040/3039/3045/3043",5
"GO:0007188","GO:0007188","adenylate cyclase-modulating G protein-coupled receptor signaling pathway","21/632","249/18888",0.0843373493975904,2.52051242946469,4.49381883103489,0.000102711001246945,0.00630195307650774,0.00528587690627751,"846/1113/9368/84658/2774/1813/266977/5578/2849/5745/134/5196/4886/5028/2358/2357/23566/347088/222487/2869/3640",21
"GO:0060047","GO:0060047","heart contraction","21/632","249/18888",0.0843373493975904,2.52051242946469,4.49381883103489,0.000102711001246945,0.00630195307650774,0.00528587690627751,"3784/6910/4625/1113/5608/4633/9096/5144/7134/4607/2626/2627/481/1813/3760/134/8557/1674/10008/4635/6262",21
"GO:0034114","GO:0034114","regulation of heterotypic cell-cell adhesion","6/632","24/18888",0.25,7.47151898734177,5.90244803797299,0.000110152517074509,0.00663956097816352,0.00556905162831591,"335/3553/2266/2243/2244/177",6
"GO:0003007","GO:0003007","heart morphogenesis","22/632","269/18888",0.0817843866171004,2.44421438991106,4.43881298393811,0.000111178181148083,0.00663956097816352,0.00556905162831591,"6910/4625/2625/4633/7134/650/10439/4607/2626/2627/6423/4851/129446/3549/4886/4889/6469/23414/8557/6664/5727/6262",22
"GO:0070374","GO:0070374","positive regulation of ERK1 and ERK2 cascade","19/632","215/18888",0.0883720930232558,2.64109508389756,4.50280502022393,0.00011778266084598,0.00694142813064665,0.00582224815179091,"3479/846/59/2185/650/4851/1813/5578/4889/5028/2358/2266/2243/2244/6363/1139/6357/284340/177",19
"GO:0015908","GO:0015908","fatty acid transport","13/632","115/18888",0.11304347826087,3.37842597688498,4.7600217308239,0.000124519325705005,0.0072249213892576,0.00606003324009363,"5608/10257/3553/84647/1382/1813/2168/1381/2167/3952/6580/8529/51703",13
"GO:0072001","GO:0072001","renal system development","25/632","329/18888",0.0759878419452888,2.2709784156054,4.32709125336747,0.00012645589209146,0.0072249213892576,0.00606003324009363,"7161/2625/59/9096/3399/6943/650/9104/1644/64220/9245/185/4851/2674/3570/4868/6469/26585/79192/6580/6664/3579/5727/55959/6928",25
"GO:0003009","GO:0003009","skeletal muscle contraction","8/632","46/18888",0.173913043478261,5.19757842597688,5.3033641797159,0.000127432192398158,0.0072249213892576,0.00606003324009363,"4625/4621/7134/4626/126306/8557/23336/246329",8
"GO:0003214","GO:0003214","cardiac left ventricle morphogenesis","5/632","16/18888",0.3125,9.33939873417722,6.20901891023488,0.000132666239954925,0.00742765110947637,0.0062300764526201,"6910/6423/4851/4889/6262",5
"GO:0050878","GO:0050878","regulation of body fluid levels","27/632","370/18888",0.072972972972973,2.18087581252138,4.26820494967212,0.000135091368339435,0.00747005233076948,0.00626564124240991,"6521/1608/2160/1511/3172/725/3170/170692/1952/1813/5578/80274/362/134/5196/6469/79987/2815/5028/1056/2266/2243/2244/6288/8529/2153/3043",27
"GO:0019730","GO:0019730","antimicrobial humoral response","14/632","132/18888",0.106060606060606,3.16973532796318,4.65436919604043,0.000138116512385614,0.00754419340213615,0.0063278284044192,"4069/5225/1511/78989/2627/6280/5473/5196/2243/2244/3960/128822/6357/283",14
"GO:0051047","GO:0051047","positive regulation of secretion","24/632","312/18888",0.0769230769230769,2.29892891918208,4.30451075798112,0.000142504766129237,0.00756740432053947,0.00634729698123532,"3479/846/201294/55512/56729/7036/6387/5608/79971/3553/650/6279/6622/1813/57512/134/5028/2266/2243/2244/3952/6664/8529/283",24
"GO:0030595","GO:0030595","leukocyte chemotaxis","20/632","237/18888",0.0843881856540084,2.52203172568499,4.38716565072557,0.00014782006779997,0.00756740432053947,0.00634729698123532,"80024/1511/1113/6387/7060/2185/3553/6279/3570/6280/5473/5196/26585/2358/682/6363/6288/3579/6357/284340",20
"GO:0006953","GO:0006953","acute-phase response","8/632","47/18888",0.170212765957447,5.0869916509561,5.21960838911028,0.000149123602045806,0.00756740432053947,0.00634729698123532,"7036/3553/3570/6288/5005/5004/54658/3240",8
"GO:0042476","GO:0042476","odontogenesis","14/632","133/18888",0.105263157894737,3.14590273151232,4.62077194325634,0.000149719183958705,0.00756740432053947,0.00634729698123532,"58524/4804/8626/55512/79971/3399/650/9313/2627/362/6469/121340/682/258",14
"GO:0022407","GO:0022407","regulation of cell-cell adhesion","33/632","496/18888",0.0665322580645161,1.98838811759902,4.15041085777999,0.000149817322015301,0.00756740432053947,0.00634729698123532,"3479/55824/1511/2625/6387/8876/335/3553/970/3170/650/23149/1840/170692/2064/1952/4651/84466/4851/5578/3549/6469/124872/284194/2525/2266/2243/2244/654346/6363/3952/80139/177",33
"GO:0010232","GO:0010232","vascular transport","11/632","87/18888",0.126436781609195,3.77869925796595,4.83334629819438,0.000150368159081941,0.00756740432053947,0.00634729698123532,"92745/8671/6528/9368/9429/10396/10257/480/84889/6580/177",11
"GO:0150104","GO:0150104","transport across blood-brain barrier","11/632","87/18888",0.126436781609195,3.77869925796595,4.83334629819438,0.000150368159081941,0.00756740432053947,0.00634729698123532,"92745/8671/6528/9368/9429/10396/10257/480/84889/6580/177",11
"GO:0097529","GO:0097529","myeloid leukocyte migration","20/632","239/18888",0.0836820083682008,2.50092685768762,4.34478130150016,0.0001655264128633,0.00822040340734904,0.00689501175328814,"1511/1113/6387/7060/2185/3553/6279/3570/6280/5473/5196/26585/2358/682/6363/6288/3579/6357/284340/177",20
"GO:0006959","GO:0006959","humoral immune response","21/632","258/18888",0.0813953488372093,2.43258757727407,4.31083918750052,0.000168849545317283,0.00822040340734904,0.00689501175328814,"732/4069/5225/1511/2625/78989/725/3553/2627/4851/6280/5473/5196/79987/2243/2244/3960/128822/6357/1675/283",21
"GO:0045927","GO:0045927","positive regulation of growth","21/632","258/18888",0.0813953488372093,2.43258757727407,4.31083918750052,0.000168849545317283,0.00822040340734904,0.00689501175328814,"170302/3479/6910/6387/8437/6195/2185/7429/3872/2627/2064/1382/6279/151835/6423/4851/1813/6280/23414/23566/3952",21
"GO:0050900","GO:0050900","leukocyte migration","28/632","396/18888",0.0707070707070707,2.11315688530878,4.1653283600325,0.000173574209819532,0.00830850214868951,0.00696890616295293,"80024/1511/1113/55512/2625/6387/7060/2185/3553/10894/91662/1893/6279/3570/6280/134/5473/5196/26585/2358/682/6363/6288/3952/3579/6357/284340/177",28
"GO:0042445","GO:0042445","hormone metabolic process","20/632","240/18888",0.0833333333333333,2.49050632911392,4.3237495604644,0.00017506028445505,0.00830850214868951,0.00696890616295293,"1511/6528/1577/2625/1562/4224/650/10948/1559/405753/50506/1382/6469/1056/7364/27284/3952/57016/54600/54658",20
"GO:1990748","GO:1990748","cellular detoxification","13/632","119/18888",0.109243697478992,3.26486543984682,4.61139722749704,0.000176224091119782,0.00830850214868951,0.00696890616295293,"3049/2936/9429/50506/6280/2168/3040/57016/3039/3045/2938/3043/3240",13
"GO:0048557","GO:0048557","embryonic digestive tract morphogenesis","5/632","17/18888",0.294117647058824,8.79002233804914,5.97864714084917,0.000182788678890861,0.00852823429950171,0.00715321047106887,"6943/3549/6469/6664/6928",5
"GO:0003015","GO:0003015","heart process","21/632","260/18888",0.0807692307692308,2.41387536514119,4.27121961872687,0.000187854205111419,0.00858570392544946,0.00720141415727879,"3784/6910/4625/1113/5608/4633/9096/5144/7134/4607/2626/2627/481/1813/3760/134/8557/1674/10008/4635/6262",21
"GO:0010001","GO:0010001","glial cell differentiation","21/632","260/18888",0.0807692307692308,2.41387536514119,4.27121961872687,0.000187854205111419,0.00858570392544946,0.00720141415727879,"7161/79152/55553/745/3553/650/1840/2016/2064/6279/1404/4851/84504/176/6886/6280/6469/1000/4118/6664/177",21
"GO:0001822","GO:0001822","kidney development","24/632","319/18888",0.0752351097178683,2.24848220308718,4.18427919592051,0.0001991489570383,0.00900998160176311,0.00755728471738112,"7161/2625/59/3399/6943/650/9104/1644/64220/9245/185/4851/2674/3570/4868/6469/26585/79192/6580/6664/3579/5727/55959/6928",24
"GO:0016051","GO:0016051","carbohydrate biosynthetic process","18/632","206/18888",0.087378640776699,2.61140469460489,4.32676956973052,0.000203212989023274,0.00910190977835245,0.00763439113499017,"3479/55512/10891/2805/51744/9104/2538/229/64579/6622/2528/5745/124872/2819/5028/2525/3952/51547",18
"GO:0032731","GO:0032731","positive regulation of interleukin-1 beta production","9/632","62/18888",0.145161290322581,4.33830134748877,4.89868564471195,0.000206666561491234,0.00916494583088354,0.00768726376198244,"4210/834/91662/7855/6363/177/5005/5004/11027",9
"GO:0045785","GO:0045785","positive regulation of cell adhesion","32/632","485/18888",0.065979381443299,1.97186480490669,4.03431334552239,0.000218255272093234,0.00958397415397643,0.00803873133230911,"3479/3381/201294/1511/2625/6387/8876/335/2185/3553/970/3170/23149/78986/2064/6423/4651/84466/80005/5578/3549/2199/6469/2525/2266/2243/2244/6363/79625/6288/3952/177",32
"GO:0031016","GO:0031016","pancreas development","10/632","77/18888",0.12987012987013,3.88130856485287,4.71374849590293,0.000238556312053815,0.0102739780931638,0.00861748459230836,"79971/3170/6927/2627/84504/3570/3549/6469/1000/6928",10
"GO:0045913","GO:0045913","positive regulation of carbohydrate metabolic process","10/632","77/18888",0.12987012987013,3.88130856485287,4.71374849590293,0.000238556312053815,0.0102739780931638,0.00861748459230836,"3479/8671/10891/51744/9104/6622/5745/2819/5028/51547",10
"GO:0045214","GO:0045214","sarcomere organization","8/632","51/18888",0.156862745098039,4.68801191362621,4.90691743207145,0.000268505104779577,0.0114536606124545,0.00960696460108581,"88/4606/4625/4621/4607/84665/442721/8557",8
"GO:0050678","GO:0050678","regulation of epithelial cell proliferation","28/632","407/18888",0.0687960687960688,2.0560445370572,4.00731905177683,0.000272245735738601,0.0115036665129546,0.00964890795284078,"170302/1750/3479/4804/8626/5909/79152/1749/2625/6387/7060/9104/2064/1893/185/6423/4851/1813/5578/3549/6469/3952/6664/80139/5727/55959/664616/283",28
"GO:0098754","GO:0098754","detoxification","15/632","158/18888",0.0949367088607595,2.83728569139561,4.3149280993201,0.000277763475223157,0.0116271271544348,0.00975246279460351,"3049/2936/9429/4495/50506/6280/2168/3040/57016/4496/3039/3045/2938/3043/3240",15
"GO:0061448","GO:0061448","connective tissue development","22/632","288/18888",0.0763888888888889,2.2829641350211,4.08217391709151,0.000293371827098317,0.0121667816071608,0.0102051077087124,"846/25884/1833/55512/2625/59/10891/55553/4256/656/23314/650/1893/6423/4851/3570/5745/3549/26585/3952/55959/1302",22
"GO:0042060","GO:0042060","wound healing","29/632","430/18888",0.0674418604651163,2.01557256402708,3.96360239812279,0.000296713021006706,0.012192455239349,0.0102266419311727,"6521/3479/1608/2160/1511/3172/725/3170/7429/2626/50506/170692/2064/5578/80274/5196/6469/79987/2815/5028/2266/2243/2244/79625/6288/8529/2153/3043/3640",29
"GO:0045165","GO:0045165","cell fate commitment","22/632","289/18888",0.0761245674740484,2.27506460514213,4.06418557569922,0.000307828570891318,0.012348303216759,0.0103573622356054,"170302/58524/6910/2625/8456/55553/4633/9096/3170/650/2626/2627/6423/4851/84504/3570/6886/3549/6469/5727/5460/6928",22
"GO:0001708","GO:0001708","cell fate specification","12/632","110/18888",0.109090909090909,3.26029919447641,4.42358952756671,0.000313832702242162,0.012348303216759,0.0103573622356054,"58524/6910/4633/9096/3170/6423/4851/3549/6469/5727/5460/6928",12
"GO:0032611","GO:0032611","interleukin-1 beta production","12/632","110/18888",0.109090909090909,3.26029919447641,4.42358952756671,0.000313832702242162,0.012348303216759,0.0103573622356054,"3479/4210/335/834/91662/7855/6363/177/114769/5005/5004/11027",12
"GO:0032651","GO:0032651","regulation of interleukin-1 beta production","12/632","110/18888",0.109090909090909,3.26029919447641,4.42358952756671,0.000313832702242162,0.012348303216759,0.0103573622356054,"3479/4210/335/834/91662/7855/6363/177/114769/5005/5004/11027",12
"GO:0019318","GO:0019318","hexose metabolic process","19/632","232/18888",0.0818965517241379,2.44756656481886,4.12772242781298,0.00031429036988402,0.012348303216759,0.0103573622356054,"3479/3784/2646/5372/10891/2582/2805/3170/9104/2538/229/2528/80201/3101/4886/2819/3952/8534/51547",19
"GO:0014074","GO:0014074","response to purine-containing compound","14/632","143/18888",0.0979020979020979,2.92590953350447,4.30128673875511,0.000320411012530421,0.0124793123923805,0.010467248546646,"3784/779/1811/6528/5024/2185/3553/50506/2627/134/2819/5028/682/6262",14
"GO:1903115","GO:1903115","regulation of actin filament-based movement","7/632","40/18888",0.175,5.23006329113924,4.9828916099313,0.000323678579498807,0.0124978996342686,0.010482838931318,"59/5144/7134/4607/2626/134/6262",7
"GO:0042742","GO:0042742","defense response to bacterium","24/632","330/18888",0.0727272727272727,2.17353279631761,4.00150931020014,0.000328726520383502,0.012524587322728,0.0105052237117816,"4069/5225/1511/1113/57817/3553/834/1969/6279/51316/3934/3570/400709/6280/5473/2358/2243/2244/3960/284297/400830/28655/283/3240",24
"GO:0015833","GO:0015833","peptide transport","21/632","271/18888",0.0774907749077491,2.3158951842683,4.05964735084314,0.000329962336254053,0.012524587322728,0.0105052237117816,"846/80024/1113/3172/55512/760/7036/9368/10257/3553/3170/6927/6279/1813/134/2266/2243/2244/3952/729025/6928",21
"GO:0010248","GO:0010248","establishment or maintenance of transmembrane electrochemical gradient","4/632","11/18888",0.363636363636364,10.867663981588,6.09089934583629,0.000339583569385374,0.012781468968715,0.0107206878296011,"479/480/481/6580",4
"GO:0031214","GO:0031214","biomineral tissue development","16/632","180/18888",0.0888888888888889,2.65654008438819,4.15491111009601,0.000372168869862293,0.0138912030676101,0.0116514973380572,"3479/3381/55512/4256/79971/2185/650/9313/1893/4851/5745/26585/121340/3952/258/387733",16
"GO:0097237","GO:0097237","cellular response to toxic substance","13/632","129/18888",0.10077519379845,3.01177509567265,4.26586057403683,0.000392002583170267,0.0145105749588399,0.0121710066927767,"3049/2936/9429/50506/6280/2168/3040/57016/3039/3045/2938/3043/3240",13
"GO:0006109","GO:0006109","regulation of carbohydrate metabolic process","16/632","182/18888",0.0879120879120879,2.6273473362081,4.10452308036254,0.00042096353036831,0.0151402169499757,0.0126991302791891,"6521/3479/8671/2646/55512/10891/51744/3170/9104/229/6622/5745/2819/5028/3952/51547",16
"GO:0060538","GO:0060538","skeletal muscle organ development","16/632","182/18888",0.0879120879120879,2.6273473362081,4.10452308036254,0.00042096353036831,0.0151402169499757,0.0126991302791891,"7504/54715/779/6943/64220/58/84466/4851/4868/6469/124872/1674/6664/9242/29895/246329",16
"GO:0097254","GO:0097254","renal tubular secretion","5/632","20/18888",0.25,7.47151898734177,5.38760205048221,0.000421373790264462,0.0151402169499757,0.0126991302791891,"9368/9429/185/1813/116085",5
"GO:0055007","GO:0055007","cardiac muscle cell differentiation","13/632","130/18888",0.1,2.98860759493671,4.23316035254624,0.000422533404498095,0.0151402169499757,0.0126991302791891,"3479/88/6910/55553/4633/9096/650/2626/2627/221476/26585/8557/4892",13
"GO:0034109","GO:0034109","homotypic cell-cell adhesion","11/632","98/18888",0.112244897959184,3.35455954533712,4.34807014310319,0.000432091015058021,0.0153598067971816,0.0128833152275863,"54825/53841/1511/170692/84466/5578/2266/2243/2244/80139/3043",11
"GO:0140115","GO:0140115","export across plasma membrane","10/632","83/18888",0.120481927710843,3.60073204209242,4.41809654039803,0.000442166289856179,0.0154898681144684,0.0129924065053378,"92745/3784/479/8671/9429/10257/480/481/10008/159371",10
"GO:0050905","GO:0050905","neuromuscular process","15/632","165/18888",0.0909090909090909,2.71691599539701,4.12135966014935,0.00044266646989327,0.0154898681144684,0.0129924065053378,"10083/54715/4625/4621/7134/4626/64220/84504/1813/126306/8557/26047/9543/23336/246329",15
"GO:0019229","GO:0019229","regulation of vasoconstriction","9/632","69/18888",0.130434782608696,3.89818381948266,4.48734455404237,0.000469210709150734,0.0162525011009266,0.0136320786898408,"846/3274/185/80005/79987/2266/2243/2244/3952",9
"GO:0098869","GO:0098869","cellular oxidant detoxification","11/632","99/18888",0.111111111111111,3.32067510548523,4.30742102276492,0.000471718049368265,0.0162525011009266,0.0136320786898408,"3049/2936/50506/6280/2168/3040/3039/3045/2938/3043/3240",11
"GO:0033083","GO:0033083","regulation of immature T cell proliferation","4/632","12/18888",0.333333333333333,9.9620253164557,5.77801973493102,0.000495929496743777,0.0165775776948477,0.0139047425513006,"3553/2064/3549/6469",4
"GO:0033084","GO:0033084","regulation of immature T cell proliferation in thymus","4/632","12/18888",0.333333333333333,9.9620253164557,5.77801973493102,0.000495929496743777,0.0165775776948477,0.0139047425513006,"3553/2064/3549/6469",4
"GO:0046415","GO:0046415","urate metabolic process","4/632","12/18888",0.333333333333333,9.9620253164557,5.77801973493102,0.000495929496743777,0.0165775776948477,0.0139047425513006,"2646/9429/2538/116085",4
"GO:0010038","GO:0010038","response to metal ion","25/632","360/18888",0.0694444444444444,2.07542194092827,3.83312593440298,0.000495957894867068,0.0165775776948477,0.0139047425513006,"5009/846/55512/57817/7036/8437/7134/2185/4495/4547/284111/6279/151835/6622/90019/1813/7780/6469/2167/2266/2243/2244/682/6262/4496",25
"GO:0023061","GO:0023061","signal release","31/632","487/18888",0.0636550308008214,1.90239908507265,3.75387347038313,0.000501930911622619,0.0166529522456127,0.013967964316422,"846/3784/80024/1113/3172/55512/56729/7036/2625/6387/5608/79971/9783/10257/3553/3170/6927/55784/185/6622/90019/1813/57512/134/5028/2266/2243/2244/3952/6664/6928",31
"GO:0052695","GO:0052695","cellular glucuronidation","5/632","21/18888",0.238095238095238,7.11573236889693,5.21727718147227,0.000537934031719257,0.017716224471107,0.01485980308983,"54578/7364/54600/54658/54575",5
"GO:0060326","GO:0060326","cell chemotaxis","23/632","322/18888",0.0714285714285714,2.13471971066908,3.82115432062635,0.000557924927413613,0.0182129123180003,0.0152764089876601,"80024/1511/1113/6387/7060/2185/3553/1969/6279/185/4851/3570/6280/5473/5196/26585/2358/682/6363/6288/3579/6357/284340",23
"GO:0006874","GO:0006874","intracellular calcium ion homeostasis","22/632","302/18888",0.0728476821192053,2.17713136054992,3.83683082859471,0.000561148001760224,0.0182129123180003,0.0152764089876601,"846/7504/779/80024/6387/5144/2185/9104/481/6622/1813/25769/5745/134/126306/2815/5028/6363/1139/159371/6357/6262",22
"GO:0043269","GO:0043269","regulation of monoatomic ion transport","30/632","470/18888",0.0638297872340425,1.90762186910854,3.70740355516954,0.000587971941383284,0.0189462325572355,0.0158914945762737,"846/3784/88/54997/80024/760/57817/6387/9368/5024/5144/2185/144453/9071/481/6622/1813/154043/3772/3760/134/126306/5028/3952/57628/10008/30820/246329/6262/11027",30
"GO:0010927","GO:0010927","cellular component assembly involved in morphogenesis","13/632","135/18888",0.0962962962962963,2.87791842475387,4.07422909776628,0.000607235450929307,0.0193543351429848,0.0162337979871712,"88/4606/4625/4621/4633/4607/7111/84665/58/3549/442721/8557/4892",13
"GO:0007200","GO:0007200","phospholipase C-activating G protein-coupled receptor signaling pathway","11/632","102/18888",0.107843137254902,3.22300819061802,4.18852590213021,0.000609279137120083,0.0193543351429848,0.0162337979871712,"846/88/1113/9368/185/1813/5745/5028/2358/2357/3579",11
"GO:0016485","GO:0016485","protein processing","19/632","245/18888",0.0775510204081633,2.31769568586928,3.86257995360951,0.00061758308181336,0.0194799621369158,0.0163391698961592,"2160/1511/4224/7850/745/79094/834/3549/6469/148738/2266/2243/2244/147372/7113/5727/1510/114769/151516",19
"GO:0030168","GO:0030168","platelet activation","13/632","136/18888",0.0955882352941176,2.85675725986597,4.04331897066078,0.000651362587774022,0.0204017694450339,0.0171123524163819,"1608/1511/170692/5578/5196/79987/2815/5028/2266/2243/2244/6288/3043",13
"GO:0061005","GO:0061005","cell differentiation involved in kidney development","8/632","58/18888",0.137931034482759,4.12221737232649,4.43087183852643,0.000658412161240683,0.0204793615985904,0.0171774342358772,"2625/59/6943/4851/4868/6469/26585/5727",8
"GO:0072111","GO:0072111","cell proliferation involved in kidney development","5/632","22/18888",0.227272727272727,6.79228998849252,5.05776838734892,0.00067713517310476,0.0206776157879738,0.0173437235161229,"2625/650/3570/6469/5727",5
"GO:0032309","GO:0032309","icosanoid secretion","7/632","45/18888",0.155555555555556,4.64894514767933,4.55969489539963,0.000681855569186288,0.0206776157879738,0.0173437235161229,"5608/10257/3553/84647/1813/3952/8529",7
"GO:0051216","GO:0051216","cartilage development","17/632","209/18888",0.0813397129186603,2.4309248379868,3.87035115383286,0.000689595778158531,0.0206776157879738,0.0173437235161229,"25884/1833/55512/2625/55553/4256/656/23314/650/1893/6423/5745/3549/26585/3952/55959/1302",17
"GO:0009812","GO:0009812","flavonoid metabolic process","4/632","13/18888",0.307692307692308,9.19571567672834,5.49986836780465,0.000697455277801636,0.0206776157879738,0.0173437235161229,"27284/54600/54658/54575",4
"GO:0033079","GO:0033079","immature T cell proliferation","4/632","13/18888",0.307692307692308,9.19571567672834,5.49986836780465,0.000697455277801636,0.0206776157879738,0.0173437235161229,"3553/2064/3549/6469",4
"GO:0033080","GO:0033080","immature T cell proliferation in thymus","4/632","13/18888",0.307692307692308,9.19571567672834,5.49986836780465,0.000697455277801636,0.0206776157879738,0.0173437235161229,"3553/2064/3549/6469",4
"GO:0060732","GO:0060732","positive regulation of inositol phosphate biosynthetic process","4/632","13/18888",0.307692307692308,9.19571567672834,5.49986836780465,0.000697455277801636,0.0206776157879738,0.0173437235161229,"51744/6622/5745/5028",4
"GO:0048566","GO:0048566","embryonic digestive tract development","6/632","33/18888",0.181818181818182,5.43383199079402,4.74307672444508,0.000701718597850418,0.0206776157879738,0.0173437235161229,"6943/64220/3549/6469/6664/6928",6
"GO:0045109","GO:0045109","intermediate filament organization","9/632","73/18888",0.123287671232877,3.68458470608635,4.27586166473209,0.000714132847049833,0.0209058890322627,0.0175351918205769,"3872/6469/9119/3866/54474/1674/3854/319101/3861",9
"GO:1903532","GO:1903532","positive regulation of secretion by cell","21/632","288/18888",0.0729166666666667,2.17919303797468,3.75199191578103,0.000733462554675756,0.0212391446488282,0.017814715984928,"3479/846/201294/55512/56729/7036/6387/5608/79971/3553/650/6622/1813/57512/5028/2266/2243/2244/3952/6664/283",21
"GO:0003229","GO:0003229","ventricular cardiac muscle tissue development","8/632","59/18888",0.135593220338983,4.05234928127011,4.36901788403216,0.00073974247939656,0.0212391446488282,0.017814715984928,"6910/4625/4633/7134/4607/4851/23414/6262",8
"GO:0050881","GO:0050881","musculoskeletal movement","8/632","59/18888",0.135593220338983,4.05234928127011,4.36901788403216,0.00073974247939656,0.0212391446488282,0.017814715984928,"4625/4621/7134/4626/126306/8557/23336/246329",8
"GO:0007043","GO:0007043","cell-cell junction assembly","14/632","156/18888",0.0897435897435897,2.68208373904576,3.92513910769284,0.000771378884269146,0.0219131455766599,0.018380046430265,"6910/10686/3553/1013/9071/1969/5578/4868/7855/2705/143162/1000/26047/80139",14
"GO:0042310","GO:0042310","vasoconstriction","10/632","89/18888",0.112359550561798,3.35798606172664,4.14864313691034,0.000773002232889544,0.0219131455766599,0.018380046430265,"846/59/3274/185/80005/79987/2266/2243/2244/3952",10
"GO:0030326","GO:0030326","embryonic limb morphogenesis","12/632","122/18888",0.0983606557377049,2.9396140278066,3.99895568528554,0.00080613234353561,0.02256666729185,0.0189281995663065,"1750/8626/6910/1749/4621/1382/6423/4851/3549/6469/26585/5727",12
"GO:0035113","GO:0035113","embryonic appendage morphogenesis","12/632","122/18888",0.0983606557377049,2.9396140278066,3.99895568528554,0.00080613234353561,0.02256666729185,0.0189281995663065,"1750/8626/6910/1749/4621/1382/6423/4851/3549/6469/26585/5727",12
"GO:0062012","GO:0062012","regulation of small molecule metabolic process","23/632","331/18888",0.0694864048338369,2.07667597231252,3.67690449892912,0.000813243204964513,0.0226243249381121,0.0189765609579493,"6521/3479/8671/2646/10891/335/51744/3553/3170/650/9104/229/6622/6770/11160/978/5745/2168/58526/2819/5028/3952/51547",23
"GO:0046879","GO:0046879","hormone secretion","22/632","311/18888",0.0707395498392283,2.11412755911922,3.68607813466405,0.000828842460215425,0.0229159591315117,0.0192211744022668,"846/3784/80024/1113/3172/55512/56729/7036/2625/3553/3170/6927/185/1813/134/5028/2266/2243/2244/3952/6664/6928",22
"GO:0071695","GO:0071695","anatomical structure maturation","20/632","271/18888",0.0738007380073801,2.2056144612079,3.71942204219126,0.000837480626356869,0.023012734511978,0.0193023464996297,"3479/54763/1811/9985/2625/2185/650/2528/5745/6886/7855/3549/26585/2266/6363/26047/3952/326340/283/3640",20
"GO:0005996","GO:0005996","monosaccharide metabolic process","19/632","252/18888",0.0753968253968254,2.25331525015069,3.72667448021773,0.000867353890495999,0.0235926343085087,0.0197887479223669,"3479/3784/2646/5372/10891/2582/2805/3170/9104/2538/229/2528/80201/3101/4886/2819/3952/8534/51547",19
"GO:0016052","GO:0016052","carbohydrate catabolic process","14/632","158/18888",0.0886075949367089,2.64813331196924,3.87069728597275,0.000874386536104585,0.0235926343085087,0.0197887479223669,"6521/3479/5837/8671/6476/2582/2538/229/2528/80201/3101/2819/55753/8972",14
"GO:0072006","GO:0072006","nephron development","14/632","158/18888",0.0886075949367089,2.64813331196924,3.87069728597275,0.000874386536104585,0.0235926343085087,0.0197887479223669,"2625/59/6943/650/4851/3570/4868/6469/26585/79192/6580/5727/55959/6928",14
"GO:0055010","GO:0055010","ventricular cardiac muscle tissue morphogenesis","7/632","47/18888",0.148936170212766,4.45111769458659,4.40751643479796,0.000892010132002085,0.0237816272692699,0.0199472691799213,"4625/4633/7134/4607/4851/23414/6262",7
"GO:0140353","GO:0140353","lipid export from cell","7/632","47/18888",0.148936170212766,4.45111769458659,4.40751643479796,0.000892010132002085,0.0237816272692699,0.0199472691799213,"3784/56729/5608/10257/3553/185/3952",7
"GO:0030593","GO:0030593","neutrophil chemotaxis","11/632","107/18888",0.102803738317757,3.07240033124335,3.99984720305893,0.000912130647689701,0.0241741607751608,0.0202765137440333,"7060/3553/6279/6280/5473/5196/682/6363/6288/3579/6357",11
"GO:0050879","GO:0050879","multicellular organismal movement","8/632","61/18888",0.131147540983607,3.9194853704088,4.24930471605905,0.000926619783323087,0.0244137059382595,0.0204774365738706,"4625/4621/7134/4626/126306/8557/23336/246329",8
"GO:0035630","GO:0035630","bone mineralization involved in bone maturation","4/632","14/18888",0.285714285714286,8.53887884267631,5.25020210863748,0.000950722202572583,0.0249022499726468,0.0208872117019486,"3479/650/26585/3952",4
"GO:0070293","GO:0070293","renal absorption","6/632","35/18888",0.171428571428571,5.12332730560579,4.5428543628943,0.000971717993973358,0.0253042145058527,0.0212243667104707,"3784/9368/6927/81693/1187/3043",6
"GO:0071715","GO:0071715","icosanoid transport","8/632","62/18888",0.129032258064516,3.85626786443446,4.1913407234738,0.00103327951989077,0.0266193111028777,0.0223274277214534,"5608/10257/3553/84647/1813/3952/6580/8529",8
"GO:0032891","GO:0032891","negative regulation of organic acid transport","5/632","24/18888",0.208333333333333,6.22626582278481,4.7666958115953,0.00103410585664227,0.0266193111028777,0.0223274277214534,"8501/134/4889/3952/8529",5
"GO:0001889","GO:0001889","liver development","13/632","143/18888",0.0909090909090909,2.71691599539701,3.83452486946243,0.00104247578419596,0.0266814230709354,0.022379525255912,"5009/6195/9104/6927/2627/4851/3549/5727/55959/54600/54658/54575/6928",13
"GO:0032890","GO:0032890","regulation of organic acid transport","9/632","77/18888",0.116883116883117,3.49317770836758,4.0787761561513,0.00105452197101375,0.0268363858418784,0.0225095030774407,"5608/3553/6622/8501/134/4889/3952/8529/51703",9
"GO:0006935","GO:0006935","chemotaxis","29/632","466/18888",0.0622317596566524,1.85986309556147,3.49696346515563,0.00106955393963224,0.0270651530825581,0.0227013857302852,"846/80024/1511/1113/6387/7060/335/2185/3553/1969/6279/185/4851/3570/6280/60675/5473/5196/26585/6036/2358/2357/682/6363/6288/3579/6357/284340/177",29
"GO:0042475","GO:0042475","odontogenesis of dentin-containing tooth","10/632","93/18888",0.10752688172043,3.21355655369539,3.98151308339262,0.00109036295105138,0.0274367171784222,0.0230130418231957,"58524/4804/8626/55512/650/9313/2627/6469/682/258",10
"GO:0006882","GO:0006882","intracellular zinc ion homeostasis","6/632","36/18888",0.166666666666667,4.98101265822785,4.44839464318475,0.00113351511919069,0.0283632079265647,0.0237901526632847,"4495/25800/6279/7780/6280/4496",6
"GO:0042330","GO:0042330","taxis","29/632","468/18888",0.061965811965812,1.85191496267446,3.47225470805749,0.00114208162980498,0.0284187978883139,0.0238367797472162,"846/80024/1511/1113/6387/7060/335/2185/3553/1969/6279/185/4851/3570/6280/60675/5473/5196/26585/6036/2358/2357/682/6363/6288/3579/6357/284340/177",29
"GO:0050679","GO:0050679","positive regulation of epithelial cell proliferation","17/632","219/18888",0.0776255707762557,2.31992370383215,3.65550660991545,0.00115859484595169,0.0286704216299316,0.0240478337028298,"1750/3479/8626/1749/6387/7060/2064/1893/185/4851/5578/3549/6469/6664/80139/664616/283",17
"GO:0045104","GO:0045104","intermediate filament cytoskeleton organization","10/632","94/18888",0.106382978723404,3.17936978184756,3.94114538787267,0.00118442133008759,0.0288316474862081,0.0241830648002437,"3872/6469/9119/3866/54474/1674/23336/3854/319101/3861",10
"GO:0051952","GO:0051952","regulation of amine transport","10/632","94/18888",0.106382978723404,3.17936978184756,3.94114538787267,0.00118442133008759,0.0288316474862081,0.0241830648002437,"1113/6387/6622/90019/8501/1813/134/4889/5028/3952",10
"GO:0055006","GO:0055006","cardiac cell development","10/632","94/18888",0.106382978723404,3.17936978184756,3.94114538787267,0.00118442133008759,0.0288316474862081,0.0241830648002437,"3479/88/6910/4633/9096/2626/4851/221476/8557/4892",10
"GO:0071621","GO:0071621","granulocyte chemotaxis","12/632","128/18888",0.09375,2.80181962025316,3.8057223019292,0.00122982626712604,0.0297579249234993,0.0249599967220054,"7060/3553/6279/6280/5473/5196/682/6363/6288/3579/6357/284340",12
"GO:0009636","GO:0009636","response to toxic substance","19/632","260/18888",0.0730769230769231,2.18398247322298,3.57672910395024,0.00125455895683233,0.0297579249234993,0.0249599967220054,"3049/2936/9429/4495/1644/50506/2627/1813/6280/2168/79849/3040/57016/4496/3039/3045/2938/3043/3240",19
"GO:0048732","GO:0048732","gland development","28/632","449/18888",0.0623608017817372,1.86371965831242,3.44639068967849,0.00125555459627838,0.0297579249234993,0.0249599967220054,"5009/8626/5909/79152/2625/9368/8456/79971/6195/335/6943/650/9104/6927/64220/2627/1969/4851/1813/3549/6469/80139/5727/55959/54600/54658/54575/6928",28
"GO:0061008","GO:0061008","hepaticobiliary system development","13/632","146/18888",0.089041095890411,2.6610889543957,3.7488543468673,0.00126191163803773,0.0297579249234993,0.0249599967220054,"5009/6195/9104/6927/2627/4851/3549/5727/55959/54600/54658/54575/6928",13
"GO:0010919","GO:0010919","regulation of inositol phosphate biosynthetic process","4/632","15/18888",0.266666666666667,7.96962025316456,5.02425289130394,0.00126233662323395,0.0297579249234993,0.0249599967220054,"51744/6622/5745/5028",4
"GO:0036376","GO:0036376","sodium ion export across plasma membrane","4/632","15/18888",0.266666666666667,7.96962025316456,5.02425289130394,0.00126233662323395,0.0297579249234993,0.0249599967220054,"479/8671/480/481",4
"GO:0045103","GO:0045103","intermediate filament-based process","10/632","95/18888",0.105263157894737,3.14590273151232,3.90131478952242,0.00128499630282701,0.0301334996877601,0.0252750168354345,"3872/6469/9119/3866/54474/1674/23336/3854/319101/3861",10
"GO:0009914","GO:0009914","hormone transport","22/632","322/18888",0.0683229813664596,2.04190581020521,3.50860468088969,0.00130029896108731,0.0302916679946343,0.0254076833580921,"846/3784/80024/1113/3172/55512/56729/7036/2625/3553/3170/6927/185/1813/134/5028/2266/2243/2244/3952/6664/6928",22
"GO:0006813","GO:0006813","potassium ion transport","18/632","241/18888",0.0746887966804979,2.2321550501602,3.58184355405212,0.0013052672299541,0.0302916679946343,0.0254076833580921,"3784/6550/479/88/2185/60598/480/481/1813/25769/3772/3760/134/57628/10008/30820/90134/157855",18
"GO:0003161","GO:0003161","cardiac conduction system development","6/632","37/18888",0.162162162162162,4.84639069449196,4.35736836838651,0.0013151693606361,0.0303641420942737,0.0254684723174728,"6910/9096/2626/2627/4851/9242",6
"GO:0035051","GO:0035051","cardiocyte differentiation","14/632","165/18888",0.0848484848484849,2.53578826237054,3.68657278983601,0.0013308502822273,0.0305686072517747,0.025639971159348,"3479/88/6910/55553/4633/9096/650/2626/2627/4851/221476/26585/8557/4892",14
"GO:0042063","GO:0042063","gliogenesis","23/632","346/18888",0.0664739884393064,1.98664666715446,3.4463440413348,0.00146488169038483,0.0330528210559845,0.0277236503328536,"7161/79152/55553/2185/745/3553/650/1840/2016/2064/6279/1404/4851/84504/176/6886/6280/6469/5028/1000/4118/6664/177",23
"GO:0006937","GO:0006937","regulation of muscle contraction","14/632","167/18888",0.0838323353293413,2.5054195406655,3.63570367071098,0.00149295096578782,0.0330528210559845,0.0277236503328536,"3784/779/4625/1113/4633/5144/7134/4607/2626/481/80005/60675/134/6262",14
"GO:0006814","GO:0006814","sodium ion transport","18/632","244/18888",0.0737704918032787,2.20471052085495,3.52407615489808,0.00149942793380153,0.0330528210559845,0.0277236503328536,"92745/3784/6550/479/8671/54997/80024/6528/9368/6535/480/284111/481/159963/1813/154043/25769/10008",18
"GO:0048469","GO:0048469","cell maturation","16/632","205/18888",0.0780487804878049,2.33257178141402,3.56928684862234,0.0015108564814193,0.0330528210559845,0.0277236503328536,"54763/1811/9985/2625/2185/2528/5745/6886/7855/3549/2266/6363/26047/326340/283/3640",16
"GO:0002026","GO:0002026","regulation of the force of heart contraction","5/632","26/18888",0.192307692307692,5.74732229795521,4.5069084545986,0.00151442612985849,0.0330528210559845,0.0277236503328536,"4625/1113/4633/4635/6262",5
"GO:0003181","GO:0003181","atrioventricular valve morphogenesis","5/632","26/18888",0.192307692307692,5.74732229795521,4.5069084545986,0.00151442612985849,0.0330528210559845,0.0277236503328536,"6910/650/10439/2626/4851",5
"GO:0006063","GO:0006063","uronic acid metabolic process","5/632","26/18888",0.192307692307692,5.74732229795521,4.5069084545986,0.00151442612985849,0.0330528210559845,0.0277236503328536,"54578/7364/54600/54658/54575",5
"GO:0019585","GO:0019585","glucuronate metabolic process","5/632","26/18888",0.192307692307692,5.74732229795521,4.5069084545986,0.00151442612985849,0.0330528210559845,0.0277236503328536,"54578/7364/54600/54658/54575",5
"GO:0048736","GO:0048736","appendage development","15/632","186/18888",0.0806451612903226,2.41016741527154,3.59600541269182,0.00151757141122821,0.0330528210559845,0.0277236503328536,"1750/8626/5362/6910/1749/4621/8456/1382/6423/4851/3549/6469/26585/5727/64093",15
"GO:0060173","GO:0060173","limb development","15/632","186/18888",0.0806451612903226,2.41016741527154,3.59600541269182,0.00151757141122821,0.0330528210559845,0.0277236503328536,"1750/8626/5362/6910/1749/4621/8456/1382/6423/4851/3549/6469/26585/5727/64093",15
"GO:0055074","GO:0055074","calcium ion homeostasis","22/632","326/18888",0.0674846625766871,2.01685175118428,3.44580956757743,0.00152123764927846,0.0330528210559845,0.0277236503328536,"846/7504/779/80024/6387/5144/2185/9104/481/6622/1813/25769/5745/134/126306/2815/5028/6363/1139/159371/6357/6262",22
"GO:0048568","GO:0048568","embryonic organ development","28/632","455/18888",0.0615384615384615,1.83914313534567,3.37117229149021,0.00152755837432212,0.0330528210559845,0.0277236503328536,"1750/10083/3784/1749/2625/3216/9368/9096/3399/6943/23314/57053/2626/64220/1969/4851/7545/6886/7855/3549/6469/23414/8557/6664/5727/8076/6262/6928",28
"GO:0090257","GO:0090257","regulation of muscle system process","18/632","245/18888",0.073469387755102,2.19571170240248,3.50500658196302,0.0015693539573072,0.0337939248787449,0.0283452645426589,"3479/3784/779/4625/1113/4633/5144/7134/4607/2626/481/80005/4851/5578/60675/134/221476/6262",18
"GO:0071674","GO:0071674","mononuclear cell migration","16/632","206/18888",0.0776699029126214,2.32124861742657,3.54767385937864,0.00158877953314721,0.0340485336314179,0.0285588222301807,"80024/1511/2625/6387/2185/91662/1893/3570/26585/2358/6363/6288/3579/6357/284340/177",16
"GO:0035107","GO:0035107","appendage morphogenesis","13/632","150/18888",0.0866666666666667,2.59012658227848,3.63791816820772,0.00161311778825772,0.0342424387374708,0.0287214636382729,"1750/8626/5362/6910/1749/4621/1382/6423/4851/3549/6469/26585/5727",13
"GO:0035108","GO:0035108","limb morphogenesis","13/632","150/18888",0.0866666666666667,2.59012658227848,3.63791816820772,0.00161311778825772,0.0342424387374708,0.0287214636382729,"1750/8626/5362/6910/1749/4621/1382/6423/4851/3549/6469/26585/5727",13
"GO:0006942","GO:0006942","regulation of striated muscle contraction","10/632","98/18888",0.102040816326531,3.04959958667011,3.78491288774817,0.00162918422195433,0.0343018860640209,0.0287713261565647,"3784/4625/1113/4633/5144/4607/2626/481/134/6262",10
"GO:0051956","GO:0051956","negative regulation of amino acid transport","4/632","16/18888",0.25,7.47151898734177,4.81830705679929,0.0016388934176603,0.0343018860640209,0.0287713261565647,"8501/134/4889/3952",4
"GO:0072378","GO:0072378","blood coagulation, fibrin clot formation","4/632","16/18888",0.25,7.47151898734177,4.81830705679929,0.0016388934176603,0.0343018860640209,0.0287713261565647,"2815/2266/2243/2244",4
"GO:0048639","GO:0048639","positive regulation of developmental growth","14/632","169/18888",0.0828402366863905,2.47576960527301,3.58556671278026,0.00167119520559562,0.0348152712830827,0.0292019372767235,"170302/3479/6910/6387/8437/7429/2627/1382/151835/4851/1813/23414/23566/3952",14
"GO:0007548","GO:0007548","sex differentiation","20/632","288/18888",0.0694444444444444,2.07542194092827,3.42180991447054,0.00174709923686654,0.0362196845806533,0.030379914282641,"23626/58524/8626/9985/3172/56729/2625/6943/2626/64220/2627/6423/2796/4851/2674/6469/23414/3952/283/3640",20
"GO:0008016","GO:0008016","regulation of heart contraction","16/632","208/18888",0.0769230769230769,2.29892891918208,3.50482092672954,0.00175478266443442,0.0362196845806533,0.030379914282641,"3784/6910/4625/1113/4633/9096/5144/2626/481/1813/3760/134/1674/10008/4635/6262",16
"GO:0007519","GO:0007519","skeletal muscle tissue development","14/632","170/18888",0.0823529411764706,2.46120625465376,3.56076635322858,0.00176674878033116,0.0362720783178003,0.030423860475489,"7504/54715/779/6943/58/84466/4851/4868/6469/124872/6664/9242/29895/246329",14
"GO:0048638","GO:0048638","regulation of developmental growth","22/632","330/18888",0.0666666666666667,1.99240506329114,3.38390040117337,0.00177351756007999,0.0362720783178003,0.030423860475489,"170302/3479/7161/6910/6387/8437/7429/10439/2627/84944/1382/151835/51316/4851/1813/4886/221476/23414/23566/3952/5727/6928",22
"GO:0006066","GO:0006066","alcohol metabolic process","24/632","373/18888",0.064343163538874,1.92296467234534,3.34976894223545,0.00180563331004052,0.0363315487649745,0.0304737423866215,"3479/6820/1577/1562/335/2805/51744/650/10948/1559/6622/6770/11160/7436/7108/5745/3990/2819/5028/1056/27284/3952/3418/57016",24
"GO:0033081","GO:0033081","regulation of T cell differentiation in thymus","5/632","27/18888",0.185185185185185,5.53445850914205,4.38694482937439,0.00180806793524352,0.0363315487649745,0.0304737423866215,"8456/8876/2064/3549/6469",5
"GO:0050996","GO:0050996","positive regulation of lipid catabolic process","5/632","27/18888",0.185185185185185,5.53445850914205,4.38694482937439,0.00180806793524352,0.0363315487649745,0.0304737423866215,"13/3553/134/2168/339221",5
"GO:0035296","GO:0035296","regulation of tube diameter","13/632","152/18888",0.0855263157894737,2.55604596935376,3.58379363516581,0.00181698301481453,0.0363315487649745,0.0304737423866215,"846/59/3274/185/80005/134/79987/5028/2266/2243/2244/3952/3043",13
"GO:0097746","GO:0097746","blood vessel diameter maintenance","13/632","152/18888",0.0855263157894737,2.55604596935376,3.58379363516581,0.00181698301481453,0.0363315487649745,0.0304737423866215,"846/59/3274/185/80005/134/79987/5028/2266/2243/2244/3952/3043",13
"GO:0006820","GO:0006820","monoatomic anion transport","14/632","171/18888",0.0818713450292398,2.4468132356207,3.53614140822516,0.00186679837646949,0.0371617330142527,0.0311700744122556,"6521/1179/846/3784/8671/1811/2568/760/6528/116369/10257/144453/8001/1187",14
"GO:0072080","GO:0072080","nephron tubule development","10/632","100/18888",0.1,2.98860759493671,3.70976187560201,0.00189755837028656,0.0376069200907677,0.0315434831092349,"2625/6943/650/4851/6469/26585/79192/6580/5727/6928",10
"GO:0030198","GO:0030198","extracellular matrix organization","22/632","332/18888",0.0662650602409639,1.98040262315083,3.35327012912882,0.00191248745760526,0.0377358208044667,0.0316516009097759,"3381/1308/4320/1511/4324/55512/650/9313/64066/170692/6423/4851/4314/4868/3549/26585/255631/79625/55959/1305/64093/1302",22
"GO:0035150","GO:0035150","regulation of tube size","13/632","153/18888",0.0849673202614379,2.53933978654753,3.55705497192291,0.00192662902481047,0.0378481201847637,0.0317457940422372,"846/59/3274/185/80005/134/79987/5028/2266/2243/2244/3952/3043",13
"GO:0043062","GO:0043062","extracellular structure organization","22/632","333/18888",0.0660660660660661,1.97445546812635,3.33803472420624,0.00198537795629003,0.0388319120795765,0.0325709672535008,"3381/1308/4320/1511/4324/55512/650/9313/64066/170692/6423/4851/4314/4868/3549/26585/255631/79625/55959/1305/64093/1302",22
"GO:0043270","GO:0043270","positive regulation of monoatomic ion transport","16/632","211/18888",0.0758293838862559,2.26624272601836,3.44145303813763,0.0020308896699328,0.0394402530119763,0.0330812241923699,"846/3784/88/54997/6387/9368/5024/481/6622/154043/134/5028/3952/246329/6262/11027",16
"GO:0003300","GO:0003300","cardiac muscle hypertrophy","10/632","101/18888",0.099009900990099,2.95901742072942,3.67288628901185,0.00204452810212021,0.0394402530119763,0.0330812241923699,"3479/4625/2626/2627/4851/5578/221476/8557/3952/6262",10
"GO:0050805","GO:0050805","negative regulation of synaptic transmission","7/632","54/18888",0.12962962962963,3.87412095639944,3.93520946345768,0.00205366928589284,0.0394402530119763,0.0330812241923699,"2185/3553/1813/25769/134/4889/177",7
"GO:0120009","GO:0120009","intermembrane lipid transfer","7/632","54/18888",0.12962962962963,3.87412095639944,3.93520946345768,0.00205366928589284,0.0394402530119763,0.0330812241923699,"57476/57605/23130/335/10948/4547/6770",7
"GO:0045229","GO:0045229","external encapsulating structure organization","22/632","334/18888",0.0658682634730539,1.96854392480861,3.32285197081898,0.00206061696499477,0.0394402530119763,0.0330812241923699,"3381/1308/4320/1511/4324/55512/650/9313/64066/170692/6423/4851/4314/4868/3549/26585/255631/79625/55959/1305/64093/1302",22
"GO:0006006","GO:0006006","glucose metabolic process","15/632","192/18888",0.078125,2.3348496835443,3.45896241725824,0.00207351933852875,0.0394402530119763,0.0330812241923699,"3479/3784/2646/10891/2805/3170/9104/2538/229/80201/3101/4886/2819/3952/51547",15
"GO:0006103","GO:0006103","2-oxoglutarate metabolic process","4/632","17/18888",0.235294117647059,7.03201787043932,4.62942271917598,0.00208692564497397,0.0394402530119763,0.0330812241923699,"2805/84706/3418/55753",4
"GO:0032310","GO:0032310","prostaglandin secretion","4/632","17/18888",0.235294117647059,7.03201787043932,4.62942271917598,0.00208692564497397,0.0394402530119763,0.0330812241923699,"5608/10257/3553/3952",4
"GO:0061053","GO:0061053","somite development","9/632","85/18888",0.105882352941176,3.16440804169769,3.72110773824987,0.00212647168702771,0.0399623587261382,0.0335191497852169,"4222/5362/9096/6423/4851/3549/6469/8557/5727",9
"GO:0015732","GO:0015732","prostaglandin transport","5/632","28/18888",0.178571428571429,5.33679927667269,4.27282109485114,0.00214131861894914,0.0399623587261382,0.0335191497852169,"5608/10257/3553/3952/6580",5
"GO:0042634","GO:0042634","regulation of hair cycle","5/632","28/18888",0.178571428571429,5.33679927667269,4.27282109485114,0.00214131861894914,0.0399623587261382,0.0335191497852169,"4804/79152/8456/3872/79574",5
"GO:0043500","GO:0043500","muscle adaptation","11/632","119/18888",0.092436974789916,2.76257844910116,3.58871181944514,0.00216762243118609,0.0402853977978527,0.0337901046381444,"3479/779/4625/7134/3553/2627/58/4851/5578/221476/8557",11
"GO:0035270","GO:0035270","endocrine system development","12/632","137/18888",0.0875912408759124,2.61775847731683,3.5358917982359,0.00219822590052049,0.0406853463158318,0.0341255686775017,"5909/2625/335/3170/650/64220/2627/84504/1813/3570/6469/1000",12
"GO:0045216","GO:0045216","cell-cell junction organization","16/632","213/18888",0.0751173708920188,2.24496345159565,3.39979956720478,0.00223441498424074,0.0411849576724867,0.0345446267219199,"6910/10686/3553/1013/9071/1969/5578/4868/129446/7855/79987/2705/143162/1000/26047/80139",16
"GO:0032781","GO:0032781","positive regulation of ATP-dependent activity","6/632","41/18888",0.146341463414634,4.37357209015128,4.02344458274314,0.00227198935233609,0.0417059029062023,0.0349815789408434,"9104/4607/229/481/4635/6262",6
"GO:0002548","GO:0002548","monocyte chemotaxis","8/632","70/18888",0.114285714285714,3.41555153707052,3.76717514007961,0.00228512112200611,0.0417757449202669,0.0350401601909337,"1511/6387/3570/26585/2358/6363/6357/284340",8
"GO:0055088","GO:0055088","lipid homeostasis","14/632","176/18888",0.0795454545454545,2.37730149597238,3.4155642911468,0.00244023159078639,0.0444300703054156,0.0372665235238195,"6296/57476/2646/3172/335/2805/2538/84647/4547/134/3990/2167/285848/339221",14
"GO:0072009","GO:0072009","nephron epithelium development","11/632","121/18888",0.0909090909090909,2.71691599539701,3.5251818109953,0.00247289853417241,0.0448425608686567,0.0376125074300504,"2625/6943/650/4851/4868/6469/26585/79192/6580/5727/6928",11
"GO:0032370","GO:0032370","positive regulation of lipid transport","9/632","87/18888",0.103448275862069,3.09166302924487,3.63829649088085,0.00249784355503541,0.0449182259580919,0.0376759728897263,"56729/5608/335/10396/3553/339221/5727/8529/51703",9
"GO:0055013","GO:0055013","cardiac muscle cell development","9/632","87/18888",0.103448275862069,3.09166302924487,3.63829649088085,0.00249784355503541,0.0449182259580919,0.0376759728897263,"3479/88/6910/4633/9096/2626/221476/8557/4892",9
"GO:0003171","GO:0003171","atrioventricular valve development","5/632","29/18888",0.172413793103448,5.15277171540812,4.1640404759152,0.00251718569222618,0.0449182259580919,0.0376759728897263,"6910/650/10439/2626/4851",5
"GO:0042403","GO:0042403","thyroid hormone metabolic process","5/632","29/18888",0.172413793103448,5.15277171540812,4.1640404759152,0.00251718569222618,0.0449182259580919,0.0376759728897263,"6528/2625/405753/50506/27284",5
"GO:0014897","GO:0014897","striated muscle hypertrophy","10/632","104/18888",0.0961538461538462,2.8736611489776,3.56492910264735,0.0025412457045558,0.0449890889751203,0.0377354105244837,"3479/4625/2626/2627/4851/5578/221476/8557/3952/6262",10
"GO:0061326","GO:0061326","renal tubule development","10/632","104/18888",0.0961538461538462,2.8736611489776,3.56492910264735,0.0025412457045558,0.0449890889751203,0.0377354105244837,"2625/6943/650/4851/6469/26585/79192/6580/5727/6928",10
"GO:0007189","GO:0007189","adenylate cyclase-activating G protein-coupled receptor signaling pathway","13/632","158/18888",0.0822784810126582,2.45898093254286,3.4264664726254,0.00255991398640354,0.0451411604137852,0.0378629631888696,"1113/9368/84658/2774/1813/266977/5578/2849/5745/5196/23566/347088/222487",13
"GO:0070328","GO:0070328","triglyceride homeostasis","6/632","42/18888",0.142857142857143,4.26943942133816,3.94662227193176,0.00257697804708542,0.0452638614623357,0.0379658809083504,"2646/3172/335/84647/134/3990",6
"GO:0016264","GO:0016264","gap junction assembly","4/632","18/18888",0.222222222222222,6.64135021097046,4.45523461842272,0.00261285993072239,0.0453604636810293,0.0380469077631505,"6910/3553/2705/26047",4
"GO:0042481","GO:0042481","regulation of odontogenesis","4/632","18/18888",0.222222222222222,6.64135021097046,4.45523461842272,0.00261285993072239,0.0453604636810293,0.0380469077631505,"58524/4804/650/6469",4
"GO:1901569","GO:1901569","fatty acid derivative catabolic process","4/632","18/18888",0.222222222222222,6.64135021097046,4.45523461842272,0.00261285993072239,0.0453604636810293,0.0380469077631505,"5019/8529/4051/64064",4
"GO:0015837","GO:0015837","amine transport","10/632","105/18888",0.0952380952380952,2.84629294755877,3.52979917144477,0.00272677175271301,0.0471552535922841,0.0395523202009053,"1113/6387/6622/90019/8501/1813/134/4889/5028/3952",10
"GO:0045834","GO:0045834","positive regulation of lipid metabolic process","11/632","123/18888",0.0894308943089431,2.67273849953689,3.46292862077534,0.00281204239795913,0.0484428380786882,0.0406323049324539,"10891/13/335/3553/9104/6770/134/2168/58526/345275/339221",11
"GO:0055090","GO:0055090","acylglycerol homeostasis","6/632","43/18888",0.13953488372093,4.17015013246983,3.87215918359483,0.00291168173181598,0.0492179998676595,0.0412824858762357,"2646/3172/335/84647/134/3990",6
"GO:1900026","GO:1900026","positive regulation of substrate adhesion-dependent cell spreading","6/632","43/18888",0.13953488372093,4.17015013246983,3.87215918359483,0.00291168173181598,0.0492179998676595,0.0412824858762357,"201294/335/80005/2266/2243/2244",6
"GO:0008544","GO:0008544","epidermis development","24/632","387/18888",0.062015503875969,1.85340005887548,3.15607827082138,0.00291206250149877,0.0492179998676595,0.0412824858762357,"10083/3784/4804/1308/8626/6820/79152/23581/9368/8456/3872/2627/1969/1382/4851/222223/6469/79987/9119/3866/3854/5727/319101/3861",24
"GO:0014896","GO:0014896","muscle hypertrophy","10/632","106/18888",0.0943396226415094,2.81944112729878,3.49508094016667,0.00292297119106886,0.0492179998676595,0.0412824858762357,"3479/4625/2626/2627/4851/5578/221476/8557/3952/6262",10
"GO:0042472","GO:0042472","inner ear morphogenesis","10/632","106/18888",0.0943396226415094,2.81944112729878,3.49508094016667,0.00292297119106886,0.0492179998676595,0.0412824858762357,"1750/10083/3784/1749/2625/9368/9096/57053/7545/8557",10
"GO:0048709","GO:0048709","oligodendrocyte differentiation","10/632","106/18888",0.0943396226415094,2.81944112729878,3.49508094016667,0.00292297119106886,0.0492179998676595,0.0412824858762357,"7161/79152/55553/745/2064/4851/84504/6469/4118/6664",10
"GO:0007588","GO:0007588","excretion","5/632","30/18888",0.166666666666667,4.98101265822785,4.06016409125491,0.00293869573182452,0.0492942263200281,0.0413464221892058,"9368/9429/185/1813/116085",5
"GO:0009952","GO:0009952","anterior/posterior pattern specification","16/632","219/18888",0.0730593607305936,2.18345760360673,3.27756602899014,0.00294950941142387,0.0492942263200281,0.0413464221892058,"4222/5362/3216/9096/79971/3170/650/8553/2626/1952/6423/4851/7855/6469/8557/6928",16
"GO:0035265","GO:0035265","organ growth","14/632","180/18888",0.0777777777777778,2.32447257383966,3.32202393647259,0.00299722068377616,0.049905395697522,0.0418590515374569,"170302/3479/7161/6910/55512/2626/2627/84944/1893/4851/221476/6469/23414/3952",14
